Fecha;Último;Apertura;Máximo;Mínimo;Vol.;% var.;day;oil
7/11/2023;77,21;80,69;80,79;76,99;198,96K;-4,21%;2;77.21
8/11/2023;75,31;77,03;77,43;74,92;219,20K;-2,46%;3;75.31
9/11/2023;75,75;75,63;77,12;75,18;172,86K;0,58%;4;75.75
10/11/2023;77,15;75,65;77,71;75,36;159,39K;1,85%;5;77.15
13/11/2023;78,19;77,18;78,54;76,19;157,42K;1,35%;1;78.19
14/11/2023;78,17;78,48;79,65;77,73;166,18K;-0,03%;2;78.17
15/11/2023;76,79;78,10;78,69;76,45;253,17K;-1,77%;3;76.79
16/11/2023;73,09;76,71;76,80;72,37;428,82K;-4,82%;4;73.09
17/11/2023;76,04;73,11;76,19;72,91;368,48K;4,04%;5;76.04
20/11/2023;77,83;75,80;78,46;75,41;270,64K;2,35%;1;77.83
21/11/2023;77,92;77,69;78,04;77,04;69,05K;0,12%;2;77.92
22/11/2023;77,25;77,92;78,11;73,98;99,86K;-0,86%;3;77.25
23/11/2023;76,34;76,69;76,81;75,31;;-1,18%;4;76.34
24/11/2023;75,77;76,94;77,25;75,32;74,98K;-0,75%;5;75.77
27/11/2023;75,09;75,57;76,42;74,35;84,35K;-0,90%;1;75.09
28/11/2023;76,59;75,32;77,13;74,88;121,44K;2,00%;2;76.59
29/11/2023;77,99;76,67;78,18;75,87;112,41K;1,83%;3;77.99
30/11/2023;76,05;77,79;79,67;75,16;209,44K;-2,49%;4;76.05
1/12/2023;74,25;75,71;76,81;74,13;127,63K;-2,37%;5;74.25
4/12/2023;73,32;74,76;75,20;72,87;158,42K;-1,25%;1;73.32
5/12/2023;72,53;73,59;74,34;72,24;142,71K;-1,08%;2;72.53
6/12/2023;69,65;72,33;72,84;69,39;183,91K;-3,97%;3;69.65
7/12/2023;69,59;69,57;70,70;69,08;144,37K;-0,09%;4;69.59
8/12/2023;71,44;70,00;71,81;69,75;124,73K;2,66%;5;71.44
11/12/2023;71,56;71,36;72,03;70,61;119,85K;0,17%;1;71.56
12/12/2023;68,85;71,67;72,20;68,49;189,45K;-3,79%;2;68.85
13/12/2023;69,72;68,99;70,15;67,98;185,24K;1,26%;3;69.72
14/12/2023;71,91;70,08;72,73;69,82;224,16K;3,14%;4;71.91
15/12/2023;71,78;71,91;72,56;70,64;262,87K;-0,18%;5;71.78
18/12/2023;72,82;72,05;74,61;70,99;354,89K;1,45%;1;72.82
19/12/2023;73,94;72,93;74,45;72,14;230,04K;1,54%;2;73.94
20/12/2023;74,45;74,31;75,56;73,87;98,97K;0,69%;3;74.45
21/12/2023;74,06;73,99;74,78;72,65;81,11K;-0,52%;4;74.06
22/12/2023;73,73;74,07;75,11;73,55;76,79K;-0,45%;5;73.73
25/12/2023;73,79;73,49;73,94;73,48;;0,08%;1;73.79
26/12/2023;75,71;73,74;76,31;73,32;56,76K;2,60%;2;75.71
27/12/2023;74,34;75,57;75,81;74,01;80,38K;-1,81%;3;74.34
28/12/2023;71,97;74,04;74,62;71,92;94,29K;-3,19%;4;71.97
29/12/2023;71,84;72,15;72,80;71,47;63,48K;-0,18%;5;71.84
1/01/2024;71,97;71,67;72,24;71,67;;0,18%;1;71.97
2/01/2024;70,62;71,90;73,80;70,32;108,52K;-1,88%;2;70.62
3/01/2024;72,89;70,77;73,36;69,56;129,06K;3,21%;3;72.89
4/01/2024;72,36;73,20;74,12;71,24;144,60K;-0,73%;4;72.36
5/01/2024;73,86;72,51;74,30;72,35;164,95K;2,07%;5;73.86
8/01/2024;70,92;73,60;73,98;70,25;193,27K;-3,98%;1;70.92
9/01/2024;72,29;70,92;72,99;70,63;204,37K;1,93%;2;72.29
10/01/2024;71,44;72,20;73,55;71,09;198,04K;-1,18%;3;71.44
11/01/2024;72,09;71,35;73,81;71,24;240,34K;0,91%;4;72.09
12/01/2024;72,79;73,16;75,28;72,48;244,20K;0,97%;5;72.79
15/01/2024;72,79;72,69;73,09;71,41;;0,00%;1;72.79
16/01/2024;72,52;72,73;73,68;71,39;312,94K;-0,37%;2;72.52
17/01/2024;72,48;72,11;72,86;70,62;348,48K;-0,06%;3;72.48
18/01/2024;73,95;72,73;74,19;72,10;396,28K;2,03%;4;73.95
19/01/2024;73,25;73,92;74,63;72,99;360,03K;-0,95%;5;73.25
22/01/2024;74,76;73,60;75,46;72,56;372,28K;2,06%;1;74.76
23/01/2024;74,27;74,62;75,10;73,35;107,72K;-0,66%;2;74.27
24/01/2024;74,98;74,47;75,70;73,85;100,36K;0,96%;3;74.98
25/01/2024;77,19;75,30;77,32;75,05;89,28K;2,95%;4;77.19
26/01/2024;77,86;77,10;78,09;75,92;135,88K;0,87%;5;77.86
29/01/2024;76,67;78,72;79,09;76,30;103,54K;-1,53%;1;76.67
30/01/2024;77,65;76,75;77,95;75,73;118,71K;1,28%;2;77.65
31/01/2024;75,71;77,66;77,91;75,38;104,94K;-2,50%;3;75.71
1/02/2024;73,79;75,54;76,75;73,68;238,84K;-2,54%;4;73.79
2/02/2024;72,30;73,90;74,46;71,84;216,06K;-2,02%;5;72.3
5/02/2024;72,85;72,70;73,30;71,49;151,30K;0,76%;1;72.85
6/02/2024;73,37;72,81;73,88;72,48;123,62K;0,71%;2;73.37
7/02/2024;73,91;73,53;74,25;73,29;133,42K;0,74%;3;73.91
8/02/2024;76,19;74,12;76,49;73,65;229,89K;3,08%;4;76.19
9/02/2024;76,77;76,32;77,17;75,88;172,00K;0,76%;5;76.77
12/02/2024;76,82;76,54;77,00;75,49;169,64K;0,07%;1;76.82
13/02/2024;77,56;76,90;78,10;76,77;253,50K;0,96%;2;77.56
14/02/2024;76,36;77,48;78,43;76,12;276,33K;-1,55%;3;76.36
15/02/2024;77,59;76,33;78,07;75,52;342,33K;1,61%;4;77.59
16/02/2024;78,46;77,63;78,52;76,69;451,36K;1,12%;5;78.46
19/02/2024;78,11;78,16;78,56;77,64;;-0,45%;1;78.11
20/02/2024;77,04;78,34;78,56;76,80;435,24K;-1,37%;2;77.04
21/02/2024;77,31;76,74;77,45;75,95;133,71K;0,35%;3;77.31
22/02/2024;77,93;77,46;78,17;76,62;145,39K;0,80%;4;77.93
23/02/2024;76,08;77,71;77,74;75,89;134,05K;-2,37%;5;76.08
26/02/2024;77,09;76,04;77,55;75,50;117,05K;1,33%;1;77.09
27/02/2024;78,23;77,11;78,33;76,67;98,88K;1,48%;2;78.23
28/02/2024;77,83;77,88;78,83;77,17;142,99K;-0,51%;3;77.83
29/02/2024;77,45;77,50;78,35;77,20;154,80K;-0,49%;4;77.45
1/03/2024;79,09;77,49;79,87;77,30;175,93K;2,12%;5;79.09
4/03/2024;78,17;79,24;79,53;77,93;154,86K;-1,16%;1;78.17
5/03/2024;77,41;78,19;78,64;77,05;220,43K;-0,97%;2;77.41
6/03/2024;78,41;77,44;79,69;77,25;200,04K;1,29%;3;78.41
7/03/2024;78,32;78,41;78,89;77,47;215,58K;-0,11%;4;78.32
8/03/2024;77,50;78,77;79,29;77,05;175,73K;-1,05%;5;77.5
11/03/2024;77,53;77,24;78,03;76,43;175,74K;0,04%;1;77.53
12/03/2024;77,25;77,71;78,31;77,01;178,80K;-0,36%;2;77.25
13/03/2024;79,30;77,72;79,46;77,31;209,24K;2,65%;3;79.3
14/03/2024;80,74;79,24;81,03;79,15;248,80K;1,82%;4;80.74
15/03/2024;80,58;80,58;80,89;80,01;215,80K;-0,20%;5;80.58
18/03/2024;82,16;80,58;82,50;80,56;323,92K;1,96%;1;82.16
19/03/2024;82,73;82,21;83,12;81,81;341,70K;0,69%;2;82.73
20/03/2024;81,27;82,53;82,65;80,83;351,16K;-1,76%;3;81.27
21/03/2024;80,64;81,00;81,38;79,91;115,75K;-0,78%;4;80.64
22/03/2024;80,17;80,39;80,97;79,99;103,44K;-0,58%;5;80.17
25/03/2024;81,38;80,40;81,84;80,13;153,14K;1,51%;1;81.38
26/03/2024;81,04;81,44;81,77;80,63;118,75K;-0,42%;2;81.04
27/03/2024;80,78;80,71;81,12;79,99;109,07K;-0,32%;3;80.78
28/03/2024;82,42;81,11;82,46;80,91;148,49K;2,03%;4;82.42
1/04/2024;82,82;82,36;83,46;81,84;199,89K;0,49%;1;82.82
2/04/2024;84,22;83,14;84,56;82,96;197,83K;1,69%;2;84.22
3/04/2024;84,61;84,54;85,27;83,99;190,90K;0,46%;3;84.61
4/04/2024;85,81;84,82;86,41;83,94;218,70K;1,42%;4;85.81
5/04/2024;86,10;85,98;86,83;85,62;211,84K;0,34%;5;86.1
8/04/2024;85,53;85,19;86,21;83,93;207,99K;-0,66%;1;85.53
9/04/2024;84,46;85,69;86,07;84,29;198,56K;-1,25%;2;84.46
10/04/2024;85,44;84,57;85,60;83,86;233,96K;1,16%;3;85.44
11/04/2024;84,45;85,60;85,89;84,25;249,97K;-1,16%;4;84.45
12/04/2024;85,08;85,00;86,97;84,67;245,33K;0,75%;5;85.08
15/04/2024;84,86;84,99;85,50;83,49;253,34K;-0,26%;1;84.86
16/04/2024;84,83;85,16;85,60;84,22;217,44K;-0,04%;2;84.83
17/04/2024;82,15;84,82;84,97;82,01;387,63K;-3,16%;3;82.15
18/04/2024;82,10;82,28;82,84;81,06;366,75K;-0,06%;4;82.1
19/04/2024;82,22;81,99;85,64;81,13;556,46K;0,15%;5;82.22
22/04/2024;81,90;81,84;82,29;80,70;313,91K;-0,39%;1;81.9
23/04/2024;82,56;81,43;82,62;80,25;172,23K;0,81%;2;82.56
24/04/2024;82,09;82,60;82,90;81,71;142,45K;-0,57%;3;82.09
25/04/2024;82,75;82,09;83,00;81,27;132,56K;0,80%;4;82.75
26/04/2024;83,13;82,97;83,63;82,59;98,78K;0,46%;5;83.13
29/04/2024;82,03;82,99;83,19;81,81;170,81K;-1,32%;1;82.03
30/04/2024;81,28;82,16;82,65;80,34;233,66K;-0,91%;2;81.28
1/05/2024;78,44;80,86;80,90;78,28;235,28K;-3,49%;3;78.44
2/05/2024;78,48;78,60;79,34;77,91;174,67K;0,05%;4;78.48
3/05/2024;77,76;78,61;79,17;77,62;217,26K;-0,92%;5;77.76
6/05/2024;78,14;77,88;78,68;77,56;152,59K;0,49%;1;78.14
7/05/2024;78,06;78,39;78,80;77,29;192,57K;-0,10%;2;78.06
8/05/2024;78,56;77,96;78,80;76,63;228,44K;0,64%;3;78.56
9/05/2024;78,80;78,79;79,32;78,46;184,46K;0,31%;4;78.8
10/05/2024;77,84;79,11;79,47;77,73;164,35K;-1,22%;5;77.84
13/05/2024;78,60;77,76;78,99;77,35;200,28K;0,98%;1;78.6
14/05/2024;77,65;78,72;78,86;77,26;259,53K;-1,21%;2;77.65
15/05/2024;78,16;78,03;78,43;76,36;299,56K;0,66%;3;78.16
16/05/2024;78,74;78,36;79,30;77,75;277,25K;0,74%;4;78.74
17/05/2024;79,58;78,92;79,66;78,58;321,03K;1,07%;5;79.58
20/05/2024;79,30;79,58;80,11;78,67;342,09K;-0,35%;1;79.3
21/05/2024;78,66;79,23;79,30;77,65;371,67K;-0,81%;2;78.66
22/05/2024;77,15;77,90;78,03;76,85;139,45K;-1,92%;3;77.15
23/05/2024;76,46;76,90;78,21;76,03;125,72K;-0,89%;4;76.46
24/05/2024;77,23;76,62;77,55;75,75;139,52K;1,01%;5;77.23
27/05/2024;78,65;77,84;78,80;77,75;;1,84%;1;78.65
28/05/2024;79,35;77,36;79,79;77,24;121,48K;0,89%;2;79.35
29/05/2024;78,80;79,78;80,11;78,57;123,48K;-0,69%;3;78.8
30/05/2024;77,54;78,87;78,97;77,30;176,67K;-1,60%;4;77.54
31/05/2024;76,73;77,50;78,27;76,37;157,56K;-1,04%;5;76.73
3/06/2024;74,09;76,73;77,23;73,84;219,93K;-3,44%;1;74.09
4/06/2024;73,06;73,89;73,99;72,44;209,68K;-1,39%;2;73.06
5/06/2024;73,82;72,72;74,07;72,69;159,60K;1,04%;3;73.82
6/06/2024;75,24;74,03;75,47;73,82;145,06K;1,92%;4;75.24
7/06/2024;75,22;75,38;75,90;74,93;139,59K;-0,03%;5;75.22
10/06/2024;77,33;74,97;77,85;74,94;181,84K;2,81%;1;77.33
11/06/2024;77,55;77,65;77,99;76,86;202,57K;0,28%;2;77.55
12/06/2024;78,15;77,80;78,94;77,56;209,18K;0,77%;3;78.15
13/06/2024;78,26;78,01;78,54;77,35;301,73K;0,14%;4;78.26
14/06/2024;78,05;77,65;78,80;77,42;316,38K;-0,27%;5;78.05
17/06/2024;79,72;78,12;80,01;77,58;402,74K;2,14%;1;79.72
18/06/2024;80,71;79,92;80,85;79,17;485,71K;1,24%;2;80.71
19/06/2024;80,59;80,78;81,16;80,31;;-0,15%;3;80.59
20/06/2024;81,29;80,75;81,52;80,30;420,50K;0,87%;4;81.29
21/06/2024;79,96;80,44;80,94;79,59;163,22K;-1,64%;5;79.96
24/06/2024;80,86;79,77;80,99;79,52;158,61K;1,13%;1;80.86
25/06/2024;80,07;80,97;81,12;79,80;173,57K;-0,98%;2;80.07
26/06/2024;80,19;79,97;80,85;79,50;147,98K;0,15%;3;80.19
27/06/2024;80,83;80,14;81,21;79,81;158,90K;0,80%;4;80.83
28/06/2024;80,64;80,96;81,78;80,15;110,62K;-0,24%;5;80.64
1/07/2024;82,32;80,56;82,58;80,49;214,49K;2,08%;1;82.32
2/07/2024;81,91;82,39;83,22;81,83;225,17K;-0,50%;2;81.91
3/07/2024;83,02;82,25;83,07;81,59;156,73K;1,36%;3;83.02
4/07/2024;83,94;83,61;84,20;83,03;;1,11%;4;83.94
5/07/2024;82,26;82,75;83,58;82,19;168,80K;-2,00%;5;82.26
8/07/2024;81,52;82,36;82,50;81,29;143,02K;-0,90%;1;81.52
9/07/2024;80,56;81,45;81,65;80,42;166,79K;-1,18%;2;80.56
10/07/2024;81,07;80,92;81,60;79,95;193,21K;0,63%;3;81.07
11/07/2024;81,38;81,35;81,83;80,60;205,10K;0,38%;4;81.38
12/07/2024;81,02;81,55;82,29;80,91;276,67K;-0,44%;5;81.02
15/07/2024;80,84;80,96;81,35;80,36;216,42K;-0,22%;1;80.84
16/07/2024;79,71;80,85;80,87;79,22;272,20K;-1,40%;2;79.71
17/07/2024;81,44;79,82;81,63;79,43;419,58K;2,17%;3;81.44
18/07/2024;81,30;81,68;82,27;80,61;398,37K;-0,17%;4;81.3
19/07/2024;78,64;80,88;81,34;78,59;427,06K;-3,27%;5;78.64
22/07/2024;78,40;78,95;79,13;77,55;345,24K;-0,31%;1;78.4
23/07/2024;75,92;77,15;77,63;75,45;191,99K;-3,16%;2;75.92
24/07/2024;76,58;76,35;77,08;75,93;184,20K;0,87%;3;76.58
25/07/2024;77,11;76,43;77,28;75,05;224,03K;0,69%;4;77.11
26/07/2024;76,00;77,18;77,41;75,08;161,41K;-1,44%;5;76
29/07/2024;74,80;76,02;76,52;74,34;178,81K;-1,58%;1;74.8
30/07/2024;73,88;74,87;74,92;73,73;229,37K;-1,23%;2;73.88
31/07/2024;76,84;74,37;77,54;74,27;239,72K;4,01%;3;76.84
1/08/2024;75,40;77,47;77,72;75,32;182,47K;-1,87%;4;75.4
2/08/2024;72,59;75,89;76,30;72,12;216,86K;-3,73%;5;72.59
5/08/2024;72,20;73,26;73,53;70,88;228,05K;-0,54%;1;72.2
6/08/2024;72,34;73,14;73,77;71,46;175,21K;0,19%;2;72.34
7/08/2024;74,17;72,00;74,73;71,75;215,90K;2,53%;3;74.17
8/08/2024;75,04;74,37;75,27;73,53;205,55K;1,17%;4;75.04
9/08/2024;75,61;74,86;75,79;74,70;143,83K;0,76%;5;75.61
12/08/2024;78,46;75,62;78,54;75,44;244,98K;3,77%;1;78.46
13/08/2024;76,80;78,09;78,43;76,65;283,20K;-2,12%;2;76.8
14/08/2024;75,84;77,10;77,52;75,66;344,94K;-1,25%;3;75.84
15/08/2024;76,99;76,07;77,38;75,70;237,54K;1,52%;4;76.99
16/08/2024;75,54;76,81;76,98;74,52;317,68K;-1,88%;5;75.54
19/08/2024;73,66;75,47;75,73;73,45;422,10K;-2,49%;1;73.66
20/08/2024;73,17;73,74;74,38;72,54;329,28K;-0,67%;2;73.17
21/08/2024;71,30;72,42;73,39;70,88;178,98K;-2,56%;3;71.3
22/08/2024;72,28;71,36;72,77;71,00;143,77K;1,37%;4;72.28
23/08/2024;73,93;72,21;74,17;72,12;131,32K;2,28%;5;73.93
26/08/2024;76,17;74,13;76,40;74,08;209,30K;3,03%;1;76.17
27/08/2024;74,46;75,93;76,21;74,34;154,88K;-2,24%;2;74.46
28/08/2024;73,44;74,71;74,88;72,92;131,59K;-1,37%;3;73.44
29/08/2024;74,67;73,31;75,51;72,92;224,37K;1,67%;4;74.67
30/08/2024;72,65;74,69;75,31;72,46;210,33K;-2,71%;5;72.65
2/09/2024;73,78;73,00;74,39;72,89;;1,10%;1;73.78
3/09/2024;69,59;72,64;73,35;69,37;231,78K;-5,68%;2;69.59
4/09/2024;68,52;69,54;70,61;68,16;235,03K;-1,54%;3;68.52
5/09/2024;68,50;68,52;70,01;68,13;210,22K;-0,03%;4;68.5
6/09/2024;66,98;68,66;69,41;66,51;165,62K;-2,22%;5;66.98
9/09/2024;67,91;67,42;68,14;66,61;163,36K;1,39%;1;67.91
10/09/2024;65,14;67,97;68,30;64,61;257,97K;-4,08%;2;65.14
11/09/2024;66,60;65,73;67,14;64,99;237,20K;2,24%;3;66.6
12/09/2024;68,15;66,68;68,93;66,55;221,59K;2,33%;4;68.15
13/09/2024;67,75;68,35;69,35;67,58;230,30K;-0,59%;5;67.75
16/09/2024;69,02;68,22;69,61;67,70;235,88K;1,87%;1;69.02
17/09/2024;69,96;69,35;70,65;68,51;289,93K;1,36%;2;69.96
18/09/2024;69,88;69,98;70,31;68,58;367,19K;-0,11%;3;69.88
19/09/2024;71,16;69,15;71,53;69,13;354,93K;1,83%;4;71.16
20/09/2024;71,00;71,18;71,45;70,37;307,00K;-0,22%;5;71
23/09/2024;69,61;70,43;70,94;68,73;185,35K;-1,96%;1;69.61
24/09/2024;70,84;69,96;71,60;69,69;167,02K;1,77%;2;70.84
25/09/2024;69,13;70,84;71,04;68,69;272,17K;-2,41%;3;69.13
26/09/2024;67,19;69,30;69,47;66,49;274,69K;-2,81%;4;67.19
27/09/2024;67,67;66,95;68,13;66,58;169,90K;0,71%;5;67.67
30/09/2024;67,77;68,08;68,83;67,14;189,29K;0,15%;1;67.77
1/10/2024;69,39;68,05;71,36;65,99;353,03K;2,39%;2;69.39
2/10/2024;69,69;70,30;71,95;69,45;241,14K;0,43%;3;69.69
3/10/2024;73,17;70,49;73,51;70,08;275,08K;4,99%;4;73.17
4/10/2024;73,68;73,35;74,84;72,94;262,04K;0,70%;5;73.68
7/10/2024;76,47;73,76;76,70;73,01;257,21K;3,79%;1;76.47
8/10/2024;72,98;76,63;77,70;72,12;329,53K;-4,56%;2;72.98
9/10/2024;72,59;73,27;73,82;71,00;228,02K;-0,53%;3;72.59
10/10/2024;75,11;72,73;75,45;72,62;206,39K;3,47%;4;75.11
11/10/2024;74,85;75,00;75,28;73,85;217,34K;-0,35%;5;74.85
14/10/2024;73,24;74,26;74,35;71,24;174,47K;-2,15%;1;73.24
15/10/2024;70,01;71,14;71,57;69,20;244,86K;-4,41%;2;70.01
16/10/2024;69,82;70,39;70,69;69,12;181,55K;-0,27%;3;69.82
17/10/2024;70,09;70,11;70,53;68,89;228,84K;0,39%;4;70.09
18/10/2024;68,69;70,17;70,67;68,17;335,56K;-2,00%;5;68.69
21/10/2024;70,04;68,94;70,39;68,46;302,75K;1,97%;1;70.04
22/10/2024;71,74;69,96;72,09;69,35;330,46K;2,43%;2;71.74
23/10/2024;70,37;70,94;71,29;69,76;119,31K;-1,91%;3;70.37
24/10/2024;69,84;70,62;71,87;69,41;83,73K;-0,75%;4;69.84
25/10/2024;71,35;70,02;71,52;69,63;99,41K;2,16%;5;71.35
28/10/2024;66,98;68,58;68,60;66,59;141,39K;-6,12%;1;66.98
29/10/2024;66,81;67,63;68,09;66,32;93,13K;-0,25%;2;66.81
30/10/2024;68,18;66,97;68,73;66,88;92,73K;2,05%;3;68.18
31/10/2024;68,81;68,65;70,31;67,87;109,20K;0,92%;4;68.81
1/11/2024;69,08;69,96;70,95;68,90;110,38K;0,39%;5;69.08
4/11/2024;71,03;69,87;71,36;69,84;108,26K;2,82%;1;71.03
5/11/2024;71,56;71,17;72,20;70,86;108,65K;0,75%;2;71.56
6/11/2024;71,24;71,57;72,18;69,35;158,53K;-0,45%;3;71.24
7/11/2024;71,96;71,41;72,41;70,27;187,30K;1,01%;4;71.96
8/11/2024;70,11;71,80;71,87;69,67;211,74K;-2,57%;5;70.11
11/11/2024;67,92;69,99;70,30;67,79;215,31K;-3,12%;1;67.92
12/11/2024;67,97;68,04;68,97;67,65;181,18K;0,07%;2;67.97
13/11/2024;68,26;67,82;68,69;66,80;254,21K;0,43%;3;68.26
14/11/2024;68,53;67,97;69,24;67,77;176,09K;0,40%;4;68.53
15/11/2024;66,92;68,45;68,51;66,71;200,77K;-2,35%;5;66.92
18/11/2024;69,17;66,77;69,37;66,53;300,55K;3,36%;1;69.17
19/11/2024;69,24;69,08;69,74;68,48;349,70K;0,10%;2;69.24
20/11/2024;68,75;69,28;69,96;68,64;235,64K;-0,71%;3;68.75
21/11/2024;69,77;68,83;70,09;68,62;131,44K;1,48%;4;69.77
22/11/2024;70,77;69,85;71,02;68,96;209,42K;1,43%;5;70.77
25/11/2024;68,58;70,96;70,96;68,36;146,70K;-3,09%;1;68.58
26/11/2024;68,44;68,70;69,91;67,73;98,59K;-0,20%;2;68.44
27/11/2024;68,35;68,57;69,01;67,81;87,85K;-0,13%;3;68.35
29/11/2024;67,72;68,39;69,32;67,60;106,39K;-0,92%;5;67.72
2/12/2024;67,84;67,77;68,83;67,44;95,00K;0,18%;1;67.84
3/12/2024;69,54;67,89;69,83;67,65;134,42K;2,51%;2;69.54
4/12/2024;68,19;69,58;70,11;68,14;141,67K;-1,94%;3;68.19
5/12/2024;67,96;68,38;68,77;67,66;129,14K;-0,34%;4;67.96
6/12/2024;66,98;68,08;68,13;66,71;207,12K;-1,44%;5;66.98
9/12/2024;68,09;66,93;68,59;66,85;176,71K;1,66%;1;68.09
10/12/2024;68,27;67,86;68,72;67,45;157,46K;0,26%;2;68.27
11/12/2024;69,87;68,15;70,08;68,12;231,68K;2,34%;3;69.87
12/12/2024;69,66;69,97;70,27;68,74;231,02K;-0,30%;4;69.66
13/12/2024;70,82;69,64;70,94;69,51;201,26K;1,67%;5;70.82
16/12/2024;70,29;71,00;71,00;69,98;210,75K;-0,75%;1;70.29
17/12/2024;69,65;70,23;70,54;68,81;280,90K;-0,91%;2;69.65
18/12/2024;70,02;69,82;70,80;69,39;326,61K;0,53%;3;70.02
19/12/2024;69,38;69,60;70,58;69,10;291,66K;-0,91%;4;69.38
20/12/2024;69,02;68,83;69,38;68,05;114,62K;-0,52%;5;69.02
23/12/2024;68,81;68,97;69,50;68,22;90,95K;-0,30%;1;68.81
24/12/2024;69,64;69,04;69,94;68,95;40,39K;1,21%;2;69.64
26/12/2024;69,23;69,72;70,25;68,94;69,64K;-0,59%;4;69.23
27/12/2024;70,18;69,27;70,32;69,06;79,13K;1,37%;5;70.18
30/12/2024;70,53;70,00;71,05;69,75;93,10K;0,50%;1;70.53
31/12/2024;71,25;70,69;71,52;70,43;63,63K;1,02%;2;71.25
2/01/2025;72,50;71,45;73,12;71,31;182,49K;1,75%;4;72.5
3/01/2025;73,21;72,46;73,50;72,10;220,66K;0,98%;5;73.21
6/01/2025;72,92;73,31;74,18;72,54;221,84K;-0,40%;1;72.92
7/01/2025;73,57;72,81;73,82;72,51;188,74K;0,89%;2;73.57
8/01/2025;72,67;73,81;74,44;72,51;261,48K;-1,22%;3;72.67
9/01/2025;73,24;72,66;73,61;72,20;162,00K;0,78%;4;73.24
10/01/2025;75,75;73,57;76,89;73,33;448,29K;3,43%;5;75.75
13/01/2025;77,30;75,68;77,64;75,67;493,44K;2,05%;1;77.3
14/01/2025;76,37;77,24;77,51;76,20;338,20K;-1,20%;2;76.37
15/01/2025;78,71;76,84;79,39;76,16;355,67K;3,06%;3;78.71
16/01/2025;78,68;80,40;80,59;77,87;159,95K;-0,04%;4;78.68
17/01/2025;77,88;78,75;79,44;77,76;112,41K;-1,02%;5;77.88
21/01/2025;75,89;78,19;78,47;75,49;28,41K;-2,56%;2;75.89
22/01/2025;75,44;75,88;76,45;75,28;315,33K;-0,59%;3;75.44
23/01/2025;74,62;75,39;76,00;74,14;350,69K;-1,09%;4;74.62
24/01/2025;74,66;74,30;75,21;74,01;319,68K;0,05%;5;74.66
27/01/2025;73,17;74,54;75,15;72,38;334,42K;-2,00%;1;73.17
28/01/2025;73,77;73,15;74,31;72,93;326,08K;0,82%;2;73.77
29/01/2025;72,62;73,95;74,08;72,33;312,73K;-1,56%;3;72.62
30/01/2025;72,73;73,00;73,84;72,02;336,48K;0,15%;4;72.73
31/01/2025;72,53;73,20;73,84;71,94;376,34K;-0,27%;5;72.53
3/02/2025;73,16;74,14;75,18;72,05;517,85K;0,87%;1;73.16
4/02/2025;72,70;72,35;73,35;70,67;452,96K;-0,63%;2;72.7
5/02/2025;71,03;72,76;72,97;70,96;289,90K;-2,30%;3;71.03
6/02/2025;70,61;71,18;71,85;70,43;299,04K;-0,59%;4;70.61
7/02/2025;71,00;70,56;71,41;70,47;273,77K;0,55%;5;71
10/02/2025;72,01;70,77;72,20;70,61;160,44K;1,42%;1;72.01
11/02/2025;73,08;72,11;73,33;72,00;195,49K;1,49%;2;73.08
12/02/2025;71,24;72,98;73,00;71,03;221,77K;-2,52%;3;71.24
13/02/2025;71,14;71,08;71,46;70,16;220,02K;-0,14%;4;71.14
14/02/2025;70,71;71,38;71,88;70,50;213,47K;-0,60%;5;70.71
18/02/2025;71,85;70,70;72,07;70,12;130,94K;1,61%;2;71.85
19/02/2025;72,25;71,78;73,04;71,71;69,01K;0,56%;3;72.25
20/02/2025;72,57;72,18;73,25;71,85;26,71K;0,44%;4;72.57
21/02/2025;70,40;72,58;72,77;70,17;268,47K;-2,99%;5;70.4
24/02/2025;70,70;69,80;70,94;69,80;205,47K;0,43%;1;70.7
25/02/2025;68,93;70,92;71,26;68,68;267,31K;-2,50%;2;68.93
26/02/2025;68,62;69,11;69,28;68,36;255,60K;-0,45%;3;68.62
27/02/2025;70,35;68,82;70,54;68,61;265,93K;2,52%;4;70.35
28/02/2025;69,76;70,17;70,29;69,14;250,07K;-0,84%;5;69.76
3/03/2025;68,37;69,95;70,60;67,89;332,75K;-1,99%;1;68.37
4/03/2025;68,26;68,46;68,56;66,77;386,75K;-0,16%;2;68.26
5/03/2025;66,31;68,08;68,10;65,22;382,49K;-2,86%;3;66.31
6/03/2025;66,36;66,39;67,09;65,59;341,63K;0,08%;4;66.36
7/03/2025;67,04;66,34;68,22;66,12;329,71K;1,02%;5;67.04
10/03/2025;65,68;66,78;67,24;65,45;173,46K;-2,03%;1;65.68
11/03/2025;65,93;65,60;66,79;65,00;134,71K;0,38%;2;65.93
12/03/2025;67,38;66,31;67,53;65,83;175,05K;2,20%;3;67.38
13/03/2025;66,27;67,38;67,65;66,08;212,01K;-1,65%;4;66.27
14/03/2025;66,91;66,48;67,19;66,33;161,84K;0,97%;5;66.91
17/03/2025;67,37;67,10;68,10;67,01;210,19K;0,69%;1;67.37
18/03/2025;66,90;67,40;68,72;66,56;110,34K;-0,70%;2;66.9
19/03/2025;67,16;66,72;67,63;66,21;73,08K;0,39%;3;67.16
20/03/2025;68,26;67,29;68,47;66,88;25,12K;1,64%;4;68.26
21/03/2025;68,28;68,35;68,65;67,65;198,96K;0,03%;5;68.28
24/03/2025;69,11;68,35;69,33;67,95;247,02K;1,22%;1;69.11
25/03/2025;69,00;69,16;69,68;68,52;258,41K;-0,16%;2;69
26/03/2025;69,65;69,16;70,22;69,06;262,41K;0,94%;3;69.65
27/03/2025;69,92;69,96;69,97;69,12;211,83K;0,39%;4;69.92
28/03/2025;69,36;69,91;70,09;68,87;246,65K;-0,80%;5;69.36
31/03/2025;71,48;69,43;71,83;68,81;313,09K;3,06%;1;71.48
1/04/2025;71,20;71,39;72,10;71,03;272,83K;-0,39%;2;71.2
2/04/2025;71,71;71,20;72,28;70,59;286,50K;0,72%;3;71.71
3/04/2025;66,95;70,38;70,41;65,98;459,24K;-6,64%;4;66.95
4/04/2025;61,99;66,64;66,90;60,45;559,64K;-7,41%;5;61.99
7/04/2025;60,70;61,12;63,90;58,95;597,62K;-2,08%;1;60.7
8/04/2025;59,58;61,03;61,75;57,88;557,66K;-1,85%;2;59.58
9/04/2025;62,35;58,32;62,93;55,12;592,25K;4,65%;3;62.35
10/04/2025;60,07;62,71;63,34;58,76;391,83K;-3,66%;4;60.07
11/04/2025;61,50;60,20;61,87;59,43;306,23K;2,38%;5;61.5
14/04/2025;61,05;61,15;62,07;60,12;224,09K;-0,73%;1;61.05
15/04/2025;60,75;61,09;61,57;60,38;206,48K;-0,49%;2;60.75
16/04/2025;62,47;61,54;62,98;60,44;213,19K;2,83%;3;62.47
17/04/2025;64,68;62,63;64,86;62,61;111,48K;3,54%;4;64.68
21/04/2025;63,08;64,30;64,42;62,45;82,67K;-2,47%;1;63.08
22/04/2025;64,31;63,43;65,09;63,43;34,95K;1,95%;2;64.31
23/04/2025;62,27;64,00;64,87;61,53;397,84K;-3,17%;3;62.27
24/04/2025;62,79;62,34;63,31;61,99;264,91K;0,84%;4;62.79
25/04/2025;63,02;62,86;63,41;61,80;283,76K;0,37%;5;63.02
28/04/2025;62,05;63,49;63,92;61,48;276,12K;-1,54%;1;62.05
29/04/2025;60,42;61,87;62,07;60,12;312,37K;-2,63%;2;60.42
30/04/2025;58,21;60,16;60,43;57,91;419,55K;-3,66%;3;58.21
1/05/2025;59,24;58,16;59,50;56,39;364,22K;1,77%;4;59.24
2/05/2025;58,29;58,99;59,87;57,74;322,10K;-1,60%;5;58.29
5/05/2025;57,13;56,76;57,70;55,30;308,39K;-1,99%;1;57.13
6/05/2025;59,09;57,25;59,84;57,03;343,89K;3,43%;2;59.09
7/05/2025;58,07;58,98;60,26;57,81;295,24K;-1,73%;3;58.07
8/05/2025;59,91;57,93;60,29;57,74;281,00K;3,17%;4;59.91
9/05/2025;61,02;60,25;61,45;59,89;239,64K;1,85%;5;61.02
12/05/2025;61,56;60,97;63,13;60,56;243,29K;0,88%;1;61.56
13/05/2025;63,25;61,55;63,44;61,23;203,23K;2,75%;2;63.25
14/05/2025;62,68;63,20;63,23;62,31;203,84K;-0,90%;3;62.68
15/05/2025;61,15;62,40;62,46;60,08;264,08K;-2,44%;4;61.15
16/05/2025;61,97;61,22;62,18;60,78;250,32K;1,34%;5;61.97
19/05/2025;62,69;62,75;63,40;61,57;95,57K;1,16%;1;62.69
20/05/2025;62,56;62,68;63,17;62,19;25,62K;-0,21%;2;62.56
21/05/2025;61,57;62,27;64,19;61,28;302,70K;-1,58%;3;61.57
22/05/2025;61,20;61,33;61,75;60,25;258,55K;-0,60%;4;61.2
23/05/2025;61,53;60,81;61,88;60,02;273,39K;0,54%;5;61.53
26/05/2025;61,49;61,53;62,03;61,26;49,02K;-0,71%;1;61.49
27/05/2025;60,89;61,70;62,14;60,26;291,32K;-0,98%;2;60.89
28/05/2025;61,84;61,04;62,54;60,85;260,37K;1,56%;3;61.84
29/05/2025;60,94;61,83;63,07;60,55;299,86K;-1,46%;4;60.94
30/05/2025;60,79;60,94;61,72;59,74;384,93K;-0,25%;5;60.79
2/06/2025;62,52;61,11;63,88;61,06;403,58K;2,85%;1;62.52
3/06/2025;63,41;63,02;63,89;62,40;291,26K;1,42%;2;63.41
4/06/2025;62,85;63,36;63,96;62,17;321,13K;-0,88%;3;62.85
5/06/2025;63,37;62,76;63,98;62,50;232,42K;0,83%;4;63.37
6/06/2025;64,58;63,33;64,80;62,82;310,13K;1,91%;5;64.58
9/06/2025;64,22;63,81;64,34;63,27;137,42K;-0,56%;1;64.22
10/06/2025;63,91;64,10;65,10;63,51;207,74K;-0,48%;2;63.91
11/06/2025;66,90;63,67;67,11;63,54;260,69K;4,68%;3;66.9
12/06/2025;66,64;67,68;67,93;65,51;297,70K;-0,39%;4;66.64
13/06/2025;71,29;67,50;74,63;67,11;715,81K;6,98%;5;71.29
16/06/2025;71,77;76,54;77,49;69,38;367,31K;0,67%;1;71.77
17/06/2025;74,84;71,11;75,54;71,00;154,26K;4,28%;2;74.84
18/06/2025;75,14;75,61;76,07;72,94;524,54K;0,40%;3;75.14
19/06/2025;73,82;73,88;75,73;72,65;250,83K;-1,76%;4;73.82
20/06/2025;74,93;74,60;77,58;74,30;34,05K;1,50%;5;74.93
23/06/2025;68,51;78,00;78,40;66,60;728,87K;-8,57%;1;68.51
24/06/2025;64,37;67,74;67,83;64,00;541,48K;-6,04%;2;64.37
25/06/2025;64,92;65,12;66,03;64,51;278,50K;0,85%;3;64.92
26/06/2025;65,24;64,98;66,42;64,66;233,77K;0,49%;4;65.24
27/06/2025;65,52;65,30;66,09;64,80;236,28K;0,43%;5;65.52
30/06/2025;65,11;65,15;65,82;64,50;193,29K;-0,63%;1;65.11
1/07/2025;65,45;64,96;65,98;64,67;193,16K;0,52%;2;65.45
2/07/2025;67,45;65,56;67,58;65,23;265,20K;3,06%;3;67.45
3/07/2025;67,00;67,50;67,58;66,53;220,44K;-0,67%;4;67
4/07/2025;66,49;67,13;67,16;66,05;56,22K;-0,76%;5;66.49
7/07/2025;67,93;65,70;68,32;65,40;332,95K;2,17%;1;67.93
8/07/2025;68,33;67,96;68,91;67,33;219,88K;0,59%;2;68.33
9/07/2025;68,38;68,18;68,94;67,70;223,95K;0,07%;3;68.38
10/07/2025;66,57;68,29;68,65;66,45;258,65K;-2,65%;4;66.57
11/07/2025;68,45;66,85;68,77;66,50;226,30K;2,82%;5;68.45
14/07/2025;65,81;67,35;68,16;65,64;229,76K;-3,86%;1;65.81
15/07/2025;65,37;65,67;66,06;65,18;236,06K;-0,67%;2;65.37
16/07/2025;66,38;66,73;67,01;65,42;248,35K;1,55%;3;66.38
17/07/2025;67,54;66,60;67,69;66,29;188,80K;1,75%;4;67.54
18/07/2025;67,34;67,60;68,96;67,20;107,63K;-0,30%;5;67.34
21/07/2025;67,20;67,32;67,76;66,46;81,19K;-0,21%;1;67.2
22/07/2025;66,21;67,12;67,13;65,99;18,61K;-1,47%;2;66.21
23/07/2025;65,25;65,49;65,78;64,71;251,83K;-1,45%;3;65.25
24/07/2025;66,03;65,42;66,39;65,33;281,21K;1,20%;4;66.03
25/07/2025;65,16;66,15;66,74;65,00;234,28K;-1,32%;5;65.16
28/07/2025;66,71;65,15;67,14;65,05;262,04K;2,38%;1;66.71
29/07/2025;69,21;67,04;69,76;66,53;329,11K;3,75%;2;69.21
30/07/2025;70,00;69,34;70,51;68,45;345,34K;1,14%;3;70
31/07/2025;69,26;70,30;70,41;68,56;247,03K;-1,06%;4;69.26
1/08/2025;67,33;69,35;69,58;67,05;355,82K;-2,79%;5;67.33
4/08/2025;66,29;66,85;67,74;65,46;277,38K;-1,54%;1;66.29
5/08/2025;65,16;66,21;66,39;65,03;279,03K;-1,70%;2;65.16
6/08/2025;64,35;65,15;66,75;63,64;353,83K;-1,24%;3;64.35
7/08/2025;63,88;64,36;65,11;63,70;300,52K;-0,73%;4;63.88
8/08/2025;63,88;63,85;64,58;62,77;322,94K;0,00%;5;63.88
11/08/2025;63,09;62,65;63,54;62,21;146,96K;-1,24%;1;63.09
12/08/2025;62,48;63,20;63,48;62,35;205,01K;-0,97%;2;62.48
13/08/2025;61,93;62,38;62,59;61,29;211,24K;-0,88%;3;61.93
14/08/2025;63,96;62,79;64,10;62,58;251,65K;3,28%;4;63.96
15/08/2025;62,80;63,91;64,15;62,68;197,39K;-1,81%;5;62.8
18/08/2025;63,42;63,00;63,79;62,18;95,11K;0,99%;1;63.42
19/08/2025;62,35;63,27;63,39;62,25;99,48K;-1,69%;2;62.35
20/08/2025;63,21;62,60;63,55;62,39;27,16K;1,38%;3;63.21
21/08/2025;63,52;62,85;63,67;62,52;250,17K;0,49%;4;63.52
22/08/2025;63,66;63,50;63,93;63,31;223,17K;0,22%;5;63.66
25/08/2025;64,80;63,88;65,10;63,53;185,27K;1,79%;1;64.8
26/08/2025;63,25;64,75;64,76;63,13;199,10K;-2,39%;2;63.25
27/08/2025;64,15;63,31;64,23;62,95;193,48K;1,42%;3;64.15
28/08/2025;64,60;63,87;64,70;63,35;208,93K;0,70%;4;64.6
29/08/2025;64,01;64,26;64,55;63,88;183,26K;-0,91%;5;64.01
1/09/2025;64,64;64,61;64,88;63,67;60,13K;1,06%;1;64.64
2/09/2025;65,59;63,95;66,03;63,66;320,22K;1,47%;2;65.59
3/09/2025;63,97;65,62;65,72;63,72;298,74K;-2,47%;3;63.97
4/09/2025;63,48;63,82;63,84;62,72;251,69K;-0,77%;4;63.48
5/09/2025;61,87;63,33;63,49;61,45;294,54K;-2,54%;5;61.87
8/09/2025;62,26;62,00;63,34;61,85;237,29K;0,63%;1;62.26
9/09/2025;62,63;62,43;63,67;62,37;268,53K;0,59%;2;62.63
10/09/2025;63,67;62,74;64,08;62,72;260,68K;1,66%;3;63.67
11/09/2025;62,37;63,80;63,80;62,21;222,66K;-2,04%;4;62.37
12/09/2025;62,69;62,27;63,98;61,69;313,27K;0,51%;5;62.69
15/09/2025;63,02;62,69;63,38;62,26;143,25K;0,53%;1;63.02
16/09/2025;64,52;63,31;64,76;62,89;234,25K;2,38%;2;64.52
17/09/2025;64,05;64,59;64,67;63,69;165,43K;-0,73%;3;64.05
18/09/2025;63,57;63,99;64,55;63,33;82,32K;-0,75%;4;63.57
19/09/2025;62,68;63,59;63,65;62,60;87,17K;-1,40%;5;62.68
22/09/2025;62,64;62,74;63,18;61,98;18,65K;-0,06%;1;62.64
23/09/2025;63,41;62,33;63,89;61,85;265,95K;1,23%;2;63.41
24/09/2025;64,99;63,64;65,05;63,25;282,72K;2,49%;3;64.99
25/09/2025;64,98;64,80;65,34;64,06;258,35K;-0,02%;4;64.98
26/09/2025;65,72;65,20;66,42;64,66;284,99K;1,14%;5;65.72
29/09/2025;63,45;65,07;65,40;62,98;294,29K;-3,45%;1;63.45
30/09/2025;62,37;63,14;63,26;62,03;271,65K;-1,70%;2;62.37
1/10/2025;61,78;62,46;62,89;61,40;274,34K;-0,95%;3;61.78
2/10/2025;60,48;61,78;62,54;60,40;290,51K;-2,10%;4;60.48
3/10/2025;60,88;60,70;61,38;60,55;240,04K;0,66%;5;60.88
6/10/2025;61,69;61,14;62,12;61,04;224,68K;1,33%;1;61.69
7/10/2025;61,73;61,73;62,11;60,72;245,12K;0,06%;2;61.73
8/10/2025;62,55;62,05;62,92;62,05;273,32K;1,33%;3;62.55
9/10/2025;61,51;62,31;62,87;61,25;259,17K;-1,66%;4;61.51
10/10/2025;58,90;61,49;61,67;58,22;339,10K;-4,24%;5;58.9
13/10/2025;59,07;58,65;59,69;58,41;0,64K;0,29%;1;59.07
14/10/2025;58,27;59,17;59,39;57,29;232,45K;-1,35%;2;58.27
15/10/2025;58,27;58,60;59,42;58,20;224,92K;0,00%;3;58.27
16/10/2025;57,46;58,77;59,11;57,26;203,87K;-1,39%;4;57.46
17/10/2025;57,54;57,50;57,72;56,60;108,75K;0,14%;5;57.54
20/10/2025;57,52;57,73;57,81;56,35;108,15K;-0,03%;1;57.52
21/10/2025;57,82;57,37;58,28;56,99;27,73K;0,52%;2;57.82
22/10/2025;58,50;57,59;59,83;57,34;378,64K;1,18%;3;58.5
23/10/2025;61,79;59,94;62,20;59,64;735,19K;5,62%;4;61.79
24/10/2025;61,50;61,79;62,59;61,21;373,74K;-0,47%;5;61.5
27/10/2025;61,31;61,82;62,17;60,67;272,19K;-0,31%;1;61.31
28/10/2025;60,15;61,50;61,50;59,76;307,57K;-1,89%;2;60.15
29/10/2025;60,48;60,18;61,02;59,70;276,88K;0,55%;3;60.48
30/10/2025;60,57;60,39;60,79;59,64;247,92K;0,15%;4;60.57
31/10/2025;60,98;60,30;61,38;59,99;278,60K;0,68%;5;60.98
3/11/2025;61,05;61,40;61,50;60,51;236,25K;0,11%;1;61.05
4/11/2025;60,56;61,03;61,03;59,94;219,30K;-0,80%;2;60.56
5/11/2025;59,60;60,43;61,09;59,52;292,52K;-1,59%;3;59.6
6/11/2025;59,43;59,68;60,51;58,83;277,77K;-0,29%;4;59.43
